{"cameraMode":{"drawMode":0,"name":"Shaded","section":"Shading Mode"},"sceneLighting":false,"audioPlay":false,"sceneViewState":{"showFog":true,"showMaterialUpdate":false,"showSkybox":true,"showFlares":true,"showImageEffects":true,"showParticleSystems":true},"in2DMode":false,"pivot":{"x":-585.2908325195313,"y":820.8555908203125,"z":175.6396484375},"rotation":{"x":0.09525208920240402,"y":0.005972754675894976,"z":-0.0005713629652746022,"w":0.9954384565353394},"size":4606.73876953125,"orthographic":false}